Conference, Registration, Submission, Call for Papers
TCHES Vol. 2027/2,--,15-Oct-26,https://ches.iacr.org/2027/print_cfp.php
SenSys 2027 (2/2),29-Oct-26,05-Nov-26,https://sensys.acm.org/2027/cfp.html
ISCA 2027,30-Oct-26,04-Nov-26,https://conf.researchr.org/home/icsa-2027
RTAS 2027,--,05-Nov-26,https://2027.rtas.org/
IEEE HOST 2027 (2/2),01-Nov-26,08-Nov-26,https://host.conferences.computer.org/2027/
IEEE S&P 2027 (2/2),10-Nov-26,17-Nov-26,https://sp2027.ieee-security.org/cfpapers.html
Euro S&P 2027,25-Nov-26,02-Dec-2026,https://eurosp2027.ieee-security.org/cfp.html
AsiaCCS 2027 (2/2),--,11-Dec-26,https://asiaccs2027.cityu.edu.mo/home/index.html
TCHES Vol. 2027/3,--,15-Jan-27,https://ches.iacr.org/2027/print_cfp.php
ACNS 2027 (2/2),--,21-Jan-27,https://acns2027.isg.rhul.ac.uk/calls/papers/
USENIX Security Symposium 2027 (2/2),19-Jan-27,26-Jan-27,https://www.usenix.org/conference/usenixsecurity27
CCS 2027,--,TBD,https://www.sigsac.org/ccs/CCS2027/
TCHES Vol. 2027/4,--,15-Apr-27,https://ches.iacr.org/2027/print_cfp.php
